Fecha de envío,Código de acceso,Fecha de inicio,¿Cómo de peligrosas consideras las siguientes acciones? [Tener tu perfil en público],¿Cómo de peligrosas consideras las siguientes acciones? [Agregar a contactos o aceptar como seguidores a personas que no conoces en la vida real],¿Cómo de peligrosas consideras las siguientes acciones? [Unirte a grupos o comunidades o servidores públicos],¿Cómo de peligrosas consideras las siguientes acciones? [Hablar por chat (escrito o de voz) con alguien que no conoces en la vida real],¿Cómo de peligrosas consideras las siguientes acciones? [Hablar por videollamada con alguien que no conoces en la vida real],¿Cómo de peligrosas consideras las siguientes acciones? [Entablar amistad con alguien que no conoces en la vida real],¿Cómo de peligrosas consideras las siguientes acciones? [Quedar en la vida real con una persona que has conocido en internet],¿Cómo de peligrosas consideras las siguientes acciones? [Hablar con adultos por internet],¿Cómo de peligrosas consideras las siguientes acciones? [Publicar o tener visible en algún sitio fotos de tu cara en un perfil público de una red social],¿Cómo de peligrosas consideras las siguientes acciones? [Publicar o tener visible en algún sitio fotos de tus amigos en un perfil público de una red social],¿Cómo de peligrosas consideras las siguientes acciones? [Publicar o tener visible en algún sitio fotos de ti en bañador en un perfil público de una red social],¿Cómo de peligrosas consideras las siguientes acciones? [Publicar o tener visible en algún sitio tu sexualidad en un perfil público de una red social],¿Cómo de peligrosas consideras las siguientes acciones? [Publicar o tener visible en algún sitio tu número de teléfono en un perfil público de una red social],¿Cómo de peligrosas consideras las siguientes acciones? [Publicar o tener visible en algún sitio tu nombre completo en un perfil público de una red social],¿Cómo de peligrosas consideras las siguientes acciones? [Publicar o tener visible en algún sitio tu cumpleaños o edad o fecha de nacimiento en un perfil público de una red social],¿Cómo de peligrosas consideras las siguientes acciones? [Publicar o tener visible en algún sitio tu centro de estudios en un perfil público de una red social],¿Cómo de peligrosas consideras las siguientes acciones? [Publicar o tener visible en algún sitio el país en el que vives en un perfil público de una red social],¿Cómo de peligrosas consideras las siguientes acciones? [Publicar o tener visible en algún sitio la provincia en la que vives en un perfil público de una red social],¿Cómo de peligrosas consideras las siguientes acciones? [Publicar o tener visible en algún sitio la calle en la que vives en un perfil público de una red social],¿Cómo de peligrosas consideras las siguientes acciones? [Publicar o tener visible en algún sitio la dirección de tu casa en un perfil público de una red social],¿Cuántas horas pasas al día en redes sociales?,¿Con qué frecuencia usas las siguientes redes sociales o plataformas? [TikTok],¿Con qué frecuencia usas las siguientes redes sociales o plataformas? [Instagram],¿Con qué frecuencia usas las siguientes redes sociales o plataformas? [YouTube],¿Con qué frecuencia usas las siguientes redes sociales o plataformas? [WhatsApp],¿Con qué frecuencia usas las siguientes redes sociales o plataformas? [Facebook],¿Con qué frecuencia usas las siguientes redes sociales o plataformas? [Twitter o X],¿Con qué frecuencia usas las siguientes redes sociales o plataformas? [Discord],¿Con qué frecuencia usas las siguientes redes sociales o plataformas? [Telegram],¿Con qué frecuencia usas las siguientes redes sociales o plataformas? [Snapchat],¿Con qué frecuencia usas las siguientes redes sociales o plataformas? [BeReal],¿Con qué frecuencia usas las siguientes redes sociales o plataformas? [Reddit],¿Con qué frecuencia usas las siguientes redes sociales o plataformas? [Tumblr],¿Con qué frecuencia usas las siguientes redes sociales o plataformas? [Pinterest],¿Con qué frecuencia usas las siguientes redes sociales o plataformas? [Play Station Network],¿Con qué frecuencia usas las siguientes redes sociales o plataformas? [Microsoft Xbox],¿Con qué frecuencia usas las siguientes redes sociales o plataformas? [Steam],¿Con qué frecuencia usas las siguientes redes sociales o plataformas? [Roblox],"En los últimos 6 meses, ¿con qué frecuencia has hecho o te ha pasado lo siguiente con una persona que hayas conocido en internet? [Has hablado diariamente o de manera regular con dicha persona]","En los últimos 6 meses, ¿con qué frecuencia has hecho o te ha pasado lo siguiente con una persona que hayas conocido en internet? [Has compartido tu información personal con dicha persona]","En los últimos 6 meses, ¿con qué frecuencia has hecho o te ha pasado lo siguiente con una persona que hayas conocido en internet? [Has compartido imágene/vídeos personales con dicha persona]","En los últimos 6 meses, ¿con qué frecuencia has hecho o te ha pasado lo siguiente con una persona que hayas conocido en internet? [Has expresado tus pensamientos, sentimientos y-o preocupaciones con dicha persona]","En los últimos 6 meses, ¿con qué frecuencia has hecho o te ha pasado lo siguiente con una persona que hayas conocido en internet? [Has escondido a tus padres una relación entre ti y dicha persona]","En los últimos 6 meses, ¿con qué frecuencia has hecho o te ha pasado lo siguiente con una persona que hayas conocido en internet? [Has recibido halagos, piropos, o elogios de dicha persona]","En los últimos 6 meses, ¿con qué frecuencia has hecho o te ha pasado lo siguiente con una persona que hayas conocido en internet? [Has querido hablarle a alguien sobre dicha persona]","En los últimos 6 meses, ¿con qué frecuencia has hecho o te ha pasado lo siguiente con una persona que hayas conocido en internet? [Has descubierto que dicha persona te ha mentido]",¿Cómo de acuerdo estás con las siguientes afirmaciones? [El juego es demasiado largo],¿Cómo de acuerdo estás con las siguientes afirmaciones? [El juego es aburrido],¿Cómo de acuerdo estás con las siguientes afirmaciones? [El juego es fácil de jugar],¿Cómo de acuerdo estás con las siguientes afirmaciones? [El juego es educativo],¿Cómo de acuerdo estás con las siguientes afirmaciones? [El juego me hace reflexionar],¿Cómo de acuerdo estás con las siguientes afirmaciones? [El juego es fácil de usar en clase con los alumnos],¿Cómo de acuerdo estás con las siguientes afirmaciones? [Los videojuegos en general pueden ser herramientas educativas],¿Qué opinas del juego?,¿Crees que has aprendido algo?,¿Qué no te ha gustado del juego y qué piensas que se podría cambiar?
2025-05-20 10:19:29,682b4a41c76d2e0023ed4b24_qjrb,2025-05-20 10:14:27,4 - Algo peligroso,5 - Peligroso,5 - Peligroso,6 - Muy peligroso,6 - Muy peligroso,6 - Muy peligroso,6 - Muy peligroso,6 - Muy peligroso,6 - Muy peligroso,6 - Muy peligroso,6 - Muy peligroso,6 - Muy peligroso,6 - Muy peligroso,6 - Muy peligroso,6 - Muy peligroso,6 - Muy peligroso,6 - Muy peligroso,6 - Muy peligroso,6 - Muy peligroso,6 - Muy peligroso,Menos de 1,4 - La uso a menudo,4 - La uso a menudo,5 - La uso a diario,5 - La uso a diario,2 - No la uso,2 - No la uso,2 - No la uso,2 - No la uso,2 - No la uso,2 - No la uso,2 - No la uso,2 - No la uso,2 - No la uso,2 - No la uso,2 - No la uso,2 - No la uso,1 - No la conozco,2 - Casi nunca,3 - Alguna vez,3 - Alguna vez,1 - Nunca,1 - Nunca,2 - Casi nunca,1 - Nunca,1 - Nunca,1 - Completamente en desacuerdo,2 - Muy en desacuerdo,3 - Algo en desacuerdo,6 - Totalmente de acuerdo,5 - Muy de acuerdo,5 - Muy de acuerdo,6 - Totalmente de acuerdo,Que al final hay dos finales pero no es decision libre,No hablar por redes,Q sea mundo libre
2025-05-20 10:18:14,682b4a41c76d2e0023ed4b24_myel,2025-05-20 10:14:33,6 - Muy peligroso,6 - Muy peligroso,6 - Muy peligroso,6 - Muy peligroso,6 - Muy peligroso,6 - Muy peligroso,6 - Muy peligroso,6 - Muy peligroso,6 - Muy peligroso,6 - Muy peligroso,6 - Muy peligroso,6 - Muy peligroso,6 - Muy peligroso,6 - Muy peligroso,6 - Muy peligroso,6 - Muy peligroso,6 - Muy peligroso,6 - Muy peligroso,6 - Muy peligroso,6 - Muy peligroso,Menos de 1,2 - No la uso,2 - No la uso,3 - La uso poco,2 - No la uso,2 - No la uso,2 - No la uso,2 - No la uso,2 - No la uso,2 - No la uso,2 - No la uso,2 - No la uso,2 - No la uso,2 - No la uso,2 - No la uso,2 - No la uso,2 - No la uso,2 - No la uso,1 - Nunca,1 - Nunca,1 - Nunca,1 - Nunca,1 - Nunca,1 - Nunca,1 - Nunca,1 - Nunca,2 - Muy en desacuerdo,2 - Muy en desacuerdo,5 - Muy de acuerdo,5 - Muy de acuerdo,5 - Muy de acuerdo,5 - Muy de acuerdo,4 - Algo de acuerdo,esta bien pensado,ha tener cuidado con los adultos que se hacen pasar por niños,poder salir a la calle todo el rato
2025-05-20 10:17:42,682b4a41c76d2e0023ed4b24_iivn,2025-05-20 10:13:50,6 - Muy peligroso,6 - Muy peligroso,6 - Muy peligroso,6 - Muy peligroso,6 - Muy peligroso,6 - Muy peligroso,6 - Muy peligroso,6 - Muy peligroso,6 - Muy peligroso,6 - Muy peligroso,6 - Muy peligroso,6 - Muy peligroso,6 - Muy peligroso,6 - Muy peligroso,6 - Muy peligroso,6 - Muy peligroso,6 - Muy peligroso,6 - Muy peligroso,6 - Muy peligroso,6 - Muy peligroso,4-5,5 - La uso a diario,5 - La uso a diario,4 - La uso a menudo,5 - La uso a diario,4 - La uso a menudo,5 - La uso a diario,4 - La uso a menudo,4 - La uso a menudo,4 - La uso a menudo,4 - La uso a menudo,4 - La uso a menudo,4 - La uso a menudo,4 - La uso a menudo,5 - La uso a diario,4 - La uso a menudo,4 - La uso a menudo,2 - No la uso,5 - Muy a menudo,1 - Nunca,1 - Nunca,5 - Muy a menudo,1 - Nunca,5 - Muy a menudo,3 - Alguna vez,3 - Alguna vez,6 - Totalmente de acuerdo,5 - Muy de acuerdo,6 - Totalmente de acuerdo,4 - Algo de acuerdo,2 - Muy en desacuerdo,6 - Totalmente de acuerdo,5 - Muy de acuerdo,es muy largo,esque en la vida real no tengo dos opciones,es muy largo
2025-05-20 10:13:38,682b4a41c76d2e0023ed4b24_qlvj,2025-05-20 10:09:58,5 - Peligroso,5 - Peligroso,4 - Algo peligroso,5 - Peligroso,6 - Muy peligroso,4 - Algo peligroso,6 - Muy peligroso,6 - Muy peligroso,5 - Peligroso,5 - Peligroso,6 - Muy peligroso,5 - Peligroso,6 - Muy peligroso,5 - Peligroso,5 - Peligroso,6 - Muy peligroso,5 - Peligroso,5 - Peligroso,6 - Muy peligroso,6 - Muy peligroso,6-7,5 - La uso a diario,5 - La uso a diario,5 - La uso a diario,5 - La uso a diario,2 - No la uso,2 - No la uso,4 - La uso a menudo,2 - No la uso,2 - No la uso,5 - La uso a diario,2 - No la uso,2 - No la uso,4 - La uso a menudo,2 - No la uso,2 - No la uso,2 - No la uso,2 - No la uso,3 - Alguna vez,1 - Nunca,1 - Nunca,1 - Nunca,1 - Nunca,1 - Nunca,2 - Casi nunca,1 - Nunca,1 - Completamente en desacuerdo,1 - Completamente en desacuerdo,5 - Muy de acuerdo,6 - Totalmente de acuerdo,6 - Totalmente de acuerdo,6 - Totalmente de acuerdo,6 - Totalmente de acuerdo,Me gusta y te hace pensar,Si,Que te deje más opciones para no hacer cosas
2025-05-20 10:22:20,682b4a41c76d2e0023ed4b24_xwbd,2025-05-20 10:17:20,5 - Peligroso,6 - Muy peligroso,5 - Peligroso,6 - Muy peligroso,6 - Muy peligroso,6 - Muy peligroso,6 - Muy peligroso,6 - Muy peligroso,6 - Muy peligroso,5 - Peligroso,6 - Muy peligroso,6 - Muy peligroso,6 - Muy peligroso,6 - Muy peligroso,6 - Muy peligroso,6 - Muy peligroso,6 - Muy peligroso,6 - Muy peligroso,6 - Muy peligroso,6 - Muy peligroso,4-5,5 - La uso a diario,5 - La uso a diario,3 - La uso poco,5 - La uso a diario,2 - No la uso,2 - No la uso,1 - No la conozco,2 - No la uso,2 - No la uso,3 - La uso poco,2 - No la uso,2 - No la uso,3 - La uso poco,2 - No la uso,2 - No la uso,2 - No la uso,3 - La uso poco,1 - Nunca,1 - Nunca,1 - Nunca,1 - Nunca,1 - Nunca,1 - Nunca,1 - Nunca,1 - Nunca,1 - Completamente en desacuerdo,1 - Completamente en desacuerdo,6 - Totalmente de acuerdo,6 - Totalmente de acuerdo,6 - Totalmente de acuerdo,6 - Totalmente de acuerdo,6 - Totalmente de acuerdo,me  ha gustado bastante . Me ha hecho reflexionar que no tengo que hablar con personas del internet que no conzco.,si creo que he aprendicdo.,el juego esta bastante bien
2025-05-20 10:21:35,682b4a41c76d2e0023ed4b24_lybo,2025-05-20 10:17:28,6 - Muy peligroso,6 - Muy peligroso,6 - Muy peligroso,6 - Muy peligroso,6 - Muy peligroso,5 - Peligroso,5 - Peligroso,6 - Muy peligroso,6 - Muy peligroso,5 - Peligroso,6 - Muy peligroso,6 - Muy peligroso,6 - Muy peligroso,5 - Peligroso,6 - Muy peligroso,5 - Peligroso,5 - Peligroso,6 - Muy peligroso,6 - Muy peligroso,6 - Muy peligroso,Menos de 1,4 - La uso a menudo,5 - La uso a diario,3 - La uso poco,5 - La uso a diario,2 - No la uso,2 - No la uso,2 - No la uso,2 - No la uso,2 - No la uso,5 - La uso a diario,1 - No la conozco,1 - No la conozco,4 - La uso a menudo,2 - No la uso,2 - No la uso,2 - No la uso,2 - No la uso,1 - Nunca,1 - Nunca,1 - Nunca,1 - Nunca,3 - Alguna vez,1 - Nunca,5 - Muy a menudo,5 - Muy a menudo,1 - Completamente en desacuerdo,1 - Completamente en desacuerdo,6 - Totalmente de acuerdo,6 - Totalmente de acuerdo,6 - Totalmente de acuerdo,6 - Totalmente de acuerdo,6 - Totalmente de acuerdo,"Me gusta bastante, me ha hecho reflexionar sobre con quien debo hablar y con quien no","Si, que hay que tener cuidado con lo que haces en redes","Nada, está todo bien"
2025-05-20 10:20:20,682b4a41c76d2e0023ed4b24_msry,2025-05-20 10:09:06,6 - Muy peligroso,6 - Muy peligroso,6 - Muy peligroso,6 - Muy peligroso,6 - Muy peligroso,6 - Muy peligroso,6 - Muy peligroso,6 - Muy peligroso,6 - Muy peligroso,6 - Muy peligroso,6 - Muy peligroso,6 - Muy peligroso,6 - Muy peligroso,6 - Muy peligroso,6 - Muy peligroso,6 - Muy peligroso,6 - Muy peligroso,6 - Muy peligroso,6 - Muy peligroso,6 - Muy peligroso,4-5,5 - La uso a diario,5 - La uso a diario,5 - La uso a diario,5 - La uso a diario,2 - No la uso,2 - No la uso,2 - No la uso,4 - La uso a menudo,2 - No la uso,1 - No la conozco,1 - No la conozco,1 - No la conozco,1 - No la conozco,5 - La uso a diario,1 - No la conozco,1 - No la conozco,1 - No la conozco,1 - Nunca,1 - Nunca,1 - Nunca,1 - Nunca,1 - Nunca,5 - Muy a menudo,1 - Nunca,3 - Alguna vez,2 - Muy en desacuerdo,1 - Completamente en desacuerdo,6 - Totalmente de acuerdo,6 - Totalmente de acuerdo,6 - Totalmente de acuerdo,6 - Totalmente de acuerdo,6 - Totalmente de acuerdo,Es muy divertido y hace reflexionar de las cosas,si,nada me a gustado todo
2025-05-20 10:31:52,682b4a41c76d2e0023ed4b24_ivxh,2025-05-20 10:21:41,4 - Algo peligroso,6 - Muy peligroso,4 - Algo peligroso,5 - Peligroso,5 - Peligroso,5 - Peligroso,6 - Muy peligroso,5 - Peligroso,6 - Muy peligroso,6 - Muy peligroso,6 - Muy peligroso,5 - Peligroso,6 - Muy peligroso,4 - Algo peligroso,6 - Muy peligroso,5 - Peligroso,4 - Algo peligroso,5 - Peligroso,6 - Muy peligroso,6 - Muy peligroso,4-5,5 - La uso a diario,5 - La uso a diario,5 - La uso a diario,5 - La uso a diario,2 - No la uso,2 - No la uso,2 - No la uso,2 - No la uso,2 - No la uso,2 - No la uso,1 - No la conozco,1 - No la conozco,2 - No la uso,2 - No la uso,2 - No la uso,2 - No la uso,2 - No la uso,1 - Nunca,1 - Nunca,1 - Nunca,1 - Nunca,1 - Nunca,1 - Nunca,1 - Nunca,1 - Nunca,3 - Algo en desacuerdo,2 - Muy en desacuerdo,6 - Totalmente de acuerdo,6 - Totalmente de acuerdo,6 - Totalmente de acuerdo,5 - Muy de acuerdo,4 - Algo de acuerdo,Esta muy chulo ,"si, a no fiarte de personas desconocidas en internet",Que no ponga que es la sexualidad porque he puesto sin querer que me gustan los hombres.
2025-05-20 10:26:15,682b4a41c76d2e0023ed4b24_pwwk,2025-05-20 10:20:23,6 - Muy peligroso,4 - Algo peligroso,5 - Peligroso,5 - Peligroso,4 - Algo peligroso,5 - Peligroso,4 - Algo peligroso,5 - Peligroso,5 - Peligroso,6 - Muy peligroso,4 - Algo peligroso,5 - Peligroso,6 - Muy peligroso,6 - Muy peligroso,5 - Peligroso,4 - Algo peligroso,6 - Muy peligroso,4 - Algo peligroso,5 - Peligroso,6 - Muy peligroso,Menos de 1,5 - La uso a diario,5 - La uso a diario,5 - La uso a diario,5 - La uso a diario,2 - No la uso,2 - No la uso,3 - La uso poco,2 - No la uso,2 - No la uso,2 - No la uso,2 - No la uso,2 - No la uso,2 - No la uso,4 - La uso a menudo,1 - No la conozco,3 - La uso poco,2 - No la uso,3 - Alguna vez,3 - Alguna vez,2 - Casi nunca,4 - A menudo,2 - Casi nunca,5 - Muy a menudo,2 - Casi nunca,4 - A menudo,3 - Algo en desacuerdo,1 - Completamente en desacuerdo,6 - Totalmente de acuerdo,6 - Totalmente de acuerdo,6 - Totalmente de acuerdo,6 - Totalmente de acuerdo,6 - Totalmente de acuerdo,Esta muy bien y es educativo,si,Los escenarios
2025-05-20 10:40:23,682b4a41c76d2e0023ed4b24_dzyu,2025-05-20 10:36:12,6 - Muy peligroso,6 - Muy peligroso,6 - Muy peligroso,6 - Muy peligroso,6 - Muy peligroso,6 - Muy peligroso,6 - Muy peligroso,6 - Muy peligroso,6 - Muy peligroso,6 - Muy peligroso,6 - Muy peligroso,6 - Muy peligroso,6 - Muy peligroso,6 - Muy peligroso,6 - Muy peligroso,6 - Muy peligroso,6 - Muy peligroso,6 - Muy peligroso,6 - Muy peligroso,6 - Muy peligroso,2-3,4 - La uso a menudo,2 - No la uso,2 - No la uso,2 - No la uso,2 - No la uso,2 - No la uso,3 - La uso poco,2 - No la uso,3 - La uso poco,2 - No la uso,3 - La uso poco,3 - La uso poco,4 - La uso a menudo,3 - La uso poco,4 - La uso a menudo,3 - La uso poco,3 - La uso poco,1 - Nunca,1 - Nunca,1 - Nunca,1 - Nunca,1 - Nunca,1 - Nunca,1 - Nunca,1 - Nunca,1 - Completamente en desacuerdo,1 - Completamente en desacuerdo,1 - Completamente en desacuerdo,1 - Completamente en desacuerdo,5 - Muy de acuerdo,5 - Muy de acuerdo,5 - Muy de acuerdo,muy buena la interaccion,si,que no se pueda bloquear
2025-05-20 10:27:07,682b4a41c76d2e0023ed4b24_ozwy,2025-05-20 10:19:57,5 - Peligroso,6 - Muy peligroso,4 - Algo peligroso,6 - Muy peligroso,5 - Peligroso,6 - Muy peligroso,6 - Muy peligroso,6 - Muy peligroso,4 - Algo peligroso,6 - Muy peligroso,6 - Muy peligroso,6 - Muy peligroso,6 - Muy peligroso,6 - Muy peligroso,6 - Muy peligroso,6 - Muy peligroso,6 - Muy peligroso,6 - Muy peligroso,6 - Muy peligroso,6 - Muy peligroso,2-3,4 - La uso a menudo,2 - No la uso,3 - La uso poco,5 - La uso a diario,2 - No la uso,2 - No la uso,2 - No la uso,2 - No la uso,2 - No la uso,2 - No la uso,1 - No la conozco,1 - No la conozco,3 - La uso poco,1 - No la conozco,1 - No la conozco,1 - No la conozco,2 - No la uso,1 - Nunca,1 - Nunca,1 - Nunca,1 - Nunca,1 - Nunca,1 - Nunca,1 - Nunca,1 - Nunca,1 - Completamente en desacuerdo,1 - Completamente en desacuerdo,6 - Totalmente de acuerdo,6 - Totalmente de acuerdo,6 - Totalmente de acuerdo,6 - Totalmente de acuerdo,4 - Algo de acuerdo,"me gusta que con juegos nos enseñen lo que puede pasar en la vida real  y sin darte cuenta, gracias a esto somos mas conscientes y supongo que tendremos mas cuidado",sii,creo que todo super bien
2025-05-20 10:29:14,682b4a41c76d2e0023ed4b24_rvns,2025-05-20 10:19:57,6 - Muy peligroso,6 - Muy peligroso,5 - Peligroso,5 - Peligroso,4 - Algo peligroso,5 - Peligroso,6 - Muy peligroso,5 - Peligroso,6 - Muy peligroso,6 - Muy peligroso,6 - Muy peligroso,6 - Muy peligroso,6 - Muy peligroso,6 - Muy peligroso,6 - Muy peligroso,6 - Muy peligroso,6 - Muy peligroso,6 - Muy peligroso,6 - Muy peligroso,6 - Muy peligroso,Menos de 1,2 - No la uso,2 - No la uso,5 - La uso a diario,5 - La uso a diario,2 - No la uso,2 - No la uso,1 - No la conozco,3 - La uso poco,4 - La uso a menudo,2 - No la uso,1 - No la conozco,1 - No la conozco,3 - La uso poco,2 - No la uso,2 - No la uso,1 - No la conozco,2 - No la uso,1 - Nunca,1 - Nunca,1 - Nunca,1 - Nunca,1 - Nunca,1 - Nunca,1 - Nunca,1 - Nunca,2 - Muy en desacuerdo,1 - Completamente en desacuerdo,1 - Completamente en desacuerdo,1 - Completamente en desacuerdo,1 - Completamente en desacuerdo,2 - Muy en desacuerdo,2 - Muy en desacuerdo,"Creo que esta muy bien y te enseña que podría pasare en otras situaciones.
De todo se aprende, asique antes de que te pase a ti, que te pase en el juego para que no te pase en la vida real.","Creo que yo ya lo sabia y que era consciente de todo, pero creo que para otras personas les viene bien.
","Esta muy bien, pero estaria bien que en vez de dar opciones nosotras respondamos o que tengamos mas opciones."
2025-05-20 10:34:17,682b4a41c76d2e0023ed4b24_eggn,2025-05-20 10:23:11,6 - Muy peligroso,6 - Muy peligroso,5 - Peligroso,6 - Muy peligroso,6 - Muy peligroso,5 - Peligroso,6 - Muy peligroso,6 - Muy peligroso,5 - Peligroso,6 - Muy peligroso,5 - Peligroso,6 - Muy peligroso,6 - Muy peligroso,6 - Muy peligroso,5 - Peligroso,5 - Peligroso,5 - Peligroso,6 - Muy peligroso,6 - Muy peligroso,6 - Muy peligroso,2-3,5 - La uso a diario,5 - La uso a diario,3 - La uso poco,5 - La uso a diario,1 - No la conozco,1 - No la conozco,1 - No la conozco,1 - No la conozco,1 - No la conozco,4 - La uso a menudo,1 - No la conozco,1 - No la conozco,2 - No la uso,1 - No la conozco,1 - No la conozco,1 - No la conozco,1 - No la conozco,1 - Nunca,2 - Casi nunca,1 - Nunca,2 - Casi nunca,1 - Nunca,2 - Casi nunca,1 - Nunca,2 - Casi nunca,6 - Totalmente de acuerdo,1 - Completamente en desacuerdo,6 - Totalmente de acuerdo,6 - Totalmente de acuerdo,6 - Totalmente de acuerdo,6 - Totalmente de acuerdo,6 - Totalmente de acuerdo,sirve para reflexionar y es muy educativo,si mucho ,me a encantado por mi no se cambiaruia
2025-05-20 10:16:19,682b4a41c76d2e0023ed4b24_iwjt,2025-05-20 10:11:04,5 - Peligroso,5 - Peligroso,5 - Peligroso,5 - Peligroso,5 - Peligroso,5 - Peligroso,5 - Peligroso,5 - Peligroso,3 - Algo seguro,3 - Algo seguro,4 - Algo peligroso,3 - Algo seguro,3 - Algo seguro,3 - Algo seguro,4 - Algo peligroso,3 - Algo seguro,3 - Algo seguro,4 - Algo peligroso,3 - Algo seguro,4 - Algo peligroso,2-3,4 - La uso a menudo,4 - La uso a menudo,4 - La uso a menudo,5 - La uso a diario,2 - No la uso,2 - No la uso,2 - No la uso,2 - No la uso,2 - No la uso,3 - La uso poco,2 - No la uso,1 - No la conozco,2 - No la uso,4 - La uso a menudo,2 - No la uso,3 - La uso poco,2 - No la uso,4 - A menudo,2 - Casi nunca,2 - Casi nunca,3 - Alguna vez,1 - Nunca,3 - Alguna vez,1 - Nunca,1 - Nunca,2 - Muy en desacuerdo,3 - Algo en desacuerdo,1 - Completamente en desacuerdo,1 - Completamente en desacuerdo,1 - Completamente en desacuerdo,1 - Completamente en desacuerdo,1 - Completamente en desacuerdo,mola mucho porque es muy realista,si,Me ha gustado mucho
2025-05-20 10:17:36,682b4a41c76d2e0023ed4b24_iocb,2025-05-20 10:11:30,4 - Algo peligroso,5 - Peligroso,4 - Algo peligroso,6 - Muy peligroso,6 - Muy peligroso,5 - Peligroso,6 - Muy peligroso,6 - Muy peligroso,5 - Peligroso,5 - Peligroso,6 - Muy peligroso,3 - Algo seguro,6 - Muy peligroso,6 - Muy peligroso,4 - Algo peligroso,4 - Algo peligroso,2 - Seguro,4 - Algo peligroso,6 - Muy peligroso,6 - Muy peligroso,2-3,4 - La uso a menudo,4 - La uso a menudo,3 - La uso poco,5 - La uso a diario,2 - No la uso,2 - No la uso,2 - No la uso,2 - No la uso,2 - No la uso,5 - La uso a diario,2 - No la uso,2 - No la uso,3 - La uso poco,2 - No la uso,2 - No la uso,2 - No la uso,2 - No la uso,1 - Nunca,1 - Nunca,1 - Nunca,1 - Nunca,1 - Nunca,1 - Nunca,1 - Nunca,1 - Nunca,2 - Muy en desacuerdo,2 - Muy en desacuerdo,6 - Totalmente de acuerdo,6 - Totalmente de acuerdo,6 - Totalmente de acuerdo,6 - Totalmente de acuerdo,6 - Totalmente de acuerdo,"Me gustó mucho, está muy bien planteado.",A ver los peligros de internet.,"Yo mejoraría el tener más opciones de respuesta, pero en general estuvo muy bien."
2025-05-20 10:29:43,682b4a41c76d2e0023ed4b24_eqqh,2025-05-20 10:21:38,4 - Algo peligroso,6 - Muy peligroso,6 - Muy peligroso,6 - Muy peligroso,6 - Muy peligroso,6 - Muy peligroso,6 - Muy peligroso,6 - Muy peligroso,6 - Muy peligroso,6 - Muy peligroso,6 - Muy peligroso,6 - Muy peligroso,6 - Muy peligroso,6 - Muy peligroso,6 - Muy peligroso,6 - Muy peligroso,6 - Muy peligroso,6 - Muy peligroso,6 - Muy peligroso,6 - Muy peligroso,4-5,5 - La uso a diario,4 - La uso a menudo,3 - La uso poco,3 - La uso poco,2 - No la uso,3 - La uso poco,2 - No la uso,2 - No la uso,2 - No la uso,3 - La uso poco,1 - No la conozco,2 - No la uso,3 - La uso poco,1 - No la conozco,1 - No la conozco,1 - No la conozco,2 - No la uso,1 - Nunca,1 - Nunca,1 - Nunca,2 - Casi nunca,1 - Nunca,3 - Alguna vez,1 - Nunca,1 - Nunca,2 - Muy en desacuerdo,1 - Completamente en desacuerdo,6 - Totalmente de acuerdo,6 - Totalmente de acuerdo,6 - Totalmente de acuerdo,6 - Totalmente de acuerdo,6 - Totalmente de acuerdo,que esta bastante bien la verdad y es muy educativo la verdad y esta divertido,si no hablar con randoms,se podria cambiar las opciones para elegir y asi ver si tu en el juego elegirias lo correcto o no
2025-05-20 10:44:18,682b4a41c76d2e0023ed4b24_kxpt,2025-05-20 10:34:48,5 - Peligroso,4 - Algo peligroso,4 - Algo peligroso,5 - Peligroso,5 - Peligroso,4 - Algo peligroso,6 - Muy peligroso,5 - Peligroso,4 - Algo peligroso,4 - Algo peligroso,5 - Peligroso,4 - Algo peligroso,5 - Peligroso,5 - Peligroso,5 - Peligroso,5 - Peligroso,4 - Algo peligroso,4 - Algo peligroso,5 - Peligroso,6 - Muy peligroso,2-3,4 - La uso a menudo,2 - No la uso,5 - La uso a diario,5 - La uso a diario,2 - No la uso,2 - No la uso,2 - No la uso,2 - No la uso,3 - La uso poco,2 - No la uso,2 - No la uso,2 - No la uso,2 - No la uso,2 - No la uso,2 - No la uso,2 - No la uso,2 - No la uso,1 - Nunca,1 - Nunca,1 - Nunca,1 - Nunca,1 - Nunca,3 - Alguna vez,1 - Nunca,1 - Nunca,2 - Muy en desacuerdo,1 - Completamente en desacuerdo,6 - Totalmente de acuerdo,6 - Totalmente de acuerdo,6 - Totalmente de acuerdo,6 - Totalmente de acuerdo,6 - Totalmente de acuerdo,En mi opinión yo creo que el juego te enseña a que no tienes que hablar con alguien que no conoces en las redes sociales porque no sabes que hay detras de esa  persona con la que te estas hablando.,He aprendido a que no tengo que hablar con alguien  que no conozco por las redes sociales.,"nada,yo creo que no hay que cambiar nada porque es un juego muy educativo que te enseña muy bien las cosas"
2025-05-20 10:21:19,682b4a41c76d2e0023ed4b24_lqyg,2025-05-20 10:13:32,6 - Muy peligroso,6 - Muy peligroso,6 - Muy peligroso,6 - Muy peligroso,6 - Muy peligroso,6 - Muy peligroso,6 - Muy peligroso,5 - Peligroso,6 - Muy peligroso,5 - Peligroso,6 - Muy peligroso,6 - Muy peligroso,4 - Algo peligroso,6 - Muy peligroso,6 - Muy peligroso,6 - Muy peligroso,6 - Muy peligroso,6 - Muy peligroso,6 - Muy peligroso,6 - Muy peligroso,Menos de 1,2 - No la uso,2 - No la uso,2 - No la uso,3 - La uso poco,2 - No la uso,2 - No la uso,2 - No la uso,2 - No la uso,2 - No la uso,2 - No la uso,2 - No la uso,2 - No la uso,2 - No la uso,2 - No la uso,2 - No la uso,2 - No la uso,2 - No la uso,1 - Nunca,1 - Nunca,1 - Nunca,1 - Nunca,1 - Nunca,1 - Nunca,1 - Nunca,1 - Nunca,2 - Muy en desacuerdo,2 - Muy en desacuerdo,4 - Algo de acuerdo,6 - Totalmente de acuerdo,5 - Muy de acuerdo,6 - Totalmente de acuerdo,6 - Totalmente de acuerdo,Es un juego educativo que te hace reflexionar sobre el bulling de internet y lo mal que lo puedes pasar,Sinceramente ya sabía de el peligro del acoso de internet pero he sentido una experiencia que te hace reflexionar,"Todo perfecto, seguir haciendo actividades así :)"
2025-05-20 10:17:24,682b4a41c76d2e0023ed4b24_cgjl,2025-05-20 10:13:31,6 - Muy peligroso,6 - Muy peligroso,6 - Muy peligroso,6 - Muy peligroso,6 - Muy peligroso,6 - Muy peligroso,6 - Muy peligroso,5 - Peligroso,6 - Muy peligroso,6 - Muy peligroso,6 - Muy peligroso,6 - Muy peligroso,6 - Muy peligroso,6 - Muy peligroso,6 - Muy peligroso,6 - Muy peligroso,6 - Muy peligroso,6 - Muy peligroso,6 - Muy peligroso,6 - Muy peligroso,2-3,2 - No la uso,2 - No la uso,4 - La uso a menudo,5 - La uso a diario,2 - No la uso,2 - No la uso,2 - No la uso,2 - No la uso,2 - No la uso,2 - No la uso,2 - No la uso,2 - No la uso,2 - No la uso,2 - No la uso,2 - No la uso,2 - No la uso,2 - No la uso,2 - Casi nunca,2 - Casi nunca,1 - Nunca,2 - Casi nunca,3 - Alguna vez,3 - Alguna vez,2 - Casi nunca,4 - A menudo,3 - Algo en desacuerdo,1 - Completamente en desacuerdo,5 - Muy de acuerdo,6 - Totalmente de acuerdo,6 - Totalmente de acuerdo,6 - Totalmente de acuerdo,5 - Muy de acuerdo,Es muy bueno y educativo,"Si, a no escribir a personas que no conoces.",Que va un poco lento.
2025-05-20 10:27:50,682b4a41c76d2e0023ed4b24_iddf,2025-05-20 10:23:30,4 - Algo peligroso,5 - Peligroso,5 - Peligroso,6 - Muy peligroso,6 - Muy peligroso,5 - Peligroso,6 - Muy peligroso,6 - Muy peligroso,4 - Algo peligroso,5 - Peligroso,6 - Muy peligroso,5 - Peligroso,6 - Muy peligroso,6 - Muy peligroso,6 - Muy peligroso,6 - Muy peligroso,5 - Peligroso,5 - Peligroso,5 - Peligroso,6 - Muy peligroso,2-3,5 - La uso a diario,5 - La uso a diario,3 - La uso poco,5 - La uso a diario,2 - No la uso,2 - No la uso,2 - No la uso,2 - No la uso,3 - La uso poco,5 - La uso a diario,1 - No la conozco,1 - No la conozco,4 - La uso a menudo,1 - No la conozco,1 - No la conozco,1 - No la conozco,2 - No la uso,1 - Nunca,1 - Nunca,1 - Nunca,1 - Nunca,3 - Alguna vez,3 - Alguna vez,3 - Alguna vez,1 - Nunca,4 - Algo de acuerdo,3 - Algo en desacuerdo,4 - Algo de acuerdo,4 - Algo de acuerdo,5 - Muy de acuerdo,5 - Muy de acuerdo,3 - Algo en desacuerdo,Me parece muy largo,Si,Que no te deja decir que no
2025-05-20 10:39:18,682b4a41c76d2e0023ed4b24_rujj,2025-05-20 10:31:54,6 - Muy peligroso,5 - Peligroso,5 - Peligroso,6 - Muy peligroso,5 - Peligroso,6 - Muy peligroso,6 - Muy peligroso,5 - Peligroso,6 - Muy peligroso,5 - Peligroso,6 - Muy peligroso,6 - Muy peligroso,5 - Peligroso,6 - Muy peligroso,5 - Peligroso,6 - Muy peligroso,5 - Peligroso,5 - Peligroso,6 - Muy peligroso,6 - Muy peligroso,6-7,5 - La uso a diario,5 - La uso a diario,5 - La uso a diario,5 - La uso a diario,2 - No la uso,2 - No la uso,2 - No la uso,2 - No la uso,2 - No la uso,3 - La uso poco,2 - No la uso,2 - No la uso,2 - No la uso,2 - No la uso,2 - No la uso,2 - No la uso,3 - La uso poco,3 - Alguna vez,1 - Nunca,1 - Nunca,2 - Casi nunca,3 - Alguna vez,4 - A menudo,1 - Nunca,4 - A menudo,3 - Algo en desacuerdo,2 - Muy en desacuerdo,1 - Completamente en desacuerdo,6 - Totalmente de acuerdo,5 - Muy de acuerdo,4 - Algo de acuerdo,4 - Algo de acuerdo,Me ha gustado mucho y estaba muy entretenido.,"Sí, eh aprendido mucho.",No hay nada que no me haya gustado.
2025-05-20 10:34:42,682b4a41c76d2e0023ed4b24_notf,2025-05-20 10:32:41,2 - Seguro,2 - Seguro,2 - Seguro,2 - Seguro,2 - Seguro,2 - Seguro,2 - Seguro,2 - Seguro,2 - Seguro,2 - Seguro,2 - Seguro,2 - Seguro,2 - Seguro,2 - Seguro,2 - Seguro,2 - Seguro,2 - Seguro,2 - Seguro,2 - Seguro,2 - Seguro,2-3,2 - No la uso,2 - No la uso,5 - La uso a diario,5 - La uso a diario,2 - No la uso,2 - No la uso,2 - No la uso,3 - La uso poco,2 - No la uso,2 - No la uso,2 - No la uso,2 - No la uso,3 - La uso poco,3 - La uso poco,2 - No la uso,2 - No la uso,2 - No la uso,1 - Nunca,1 - Nunca,1 - Nunca,1 - Nunca,1 - Nunca,1 - Nunca,1 - Nunca,1 - Nunca,1 - Completamente en desacuerdo,1 - Completamente en desacuerdo,1 - Completamente en desacuerdo,1 - Completamente en desacuerdo,1 - Completamente en desacuerdo,1 - Completamente en desacuerdo,1 - Completamente en desacuerdo,esta bien,no mandar fotos,no sabia lo que era la sexualidad y sin querer he puesto que me gustaban los tios
2025-05-19 18:21:28,682b4a41c76d2e0023ed4b24_dmyj,2025-05-19 18:20:31,6 - Muy peligroso,5 - Peligroso,4 - Algo peligroso,5 - Peligroso,6 - Muy peligroso,5 - Peligroso,4 - Algo peligroso,3 - Algo seguro,2 - Seguro,1 - Muy seguro,2 - Seguro,3 - Algo seguro,4 - Algo peligroso,3 - Algo seguro,2 - Seguro,3 - Algo seguro,4 - Algo peligroso,5 - Peligroso,4 - Algo peligroso,5 - Peligroso,6-7,1 - No la conozco,2 - No la uso,3 - La uso poco,4 - La uso a menudo,5 - La uso a diario,4 - La uso a menudo,3 - La uso poco,3 - La uso poco,2 - No la uso,2 - No la uso,1 - No la conozco,1 - No la conozco,2 - No la uso,3 - La uso poco,4 - La uso a menudo,3 - La uso poco,3 - La uso poco,1 - Nunca,2 - Casi nunca,3 - Alguna vez,4 - A menudo,5 - Muy a menudo,4 - A menudo,3 - Alguna vez,2 - Casi nunca,1 - Completamente en desacuerdo,2 - Muy en desacuerdo,3 - Algo en desacuerdo,4 - Algo de acuerdo,5 - Muy de acuerdo,6 - Totalmente de acuerdo,5 - Muy de acuerdo,,,
2025-05-19 19:26:47,682b4a41c76d2e0023ed4b24_sxif,2025-05-19 19:26:09,1 - Muy seguro,2 - Seguro,2 - Seguro,2 - Seguro,2 - Seguro,2 - Seguro,2 - Seguro,2 - Seguro,3 - Algo seguro,3 - Algo seguro,3 - Algo seguro,4 - Algo peligroso,4 - Algo peligroso,4 - Algo peligroso,4 - Algo peligroso,4 - Algo peligroso,4 - Algo peligroso,5 - Peligroso,5 - Peligroso,5 - Peligroso,2-3,1 - No la conozco,2 - No la uso,3 - La uso poco,3 - La uso poco,3 - La uso poco,4 - La uso a menudo,5 - La uso a diario,5 - La uso a diario,5 - La uso a diario,5 - La uso a diario,4 - La uso a menudo,4 - La uso a menudo,4 - La uso a menudo,4 - La uso a menudo,3 - La uso poco,3 - La uso poco,2 - No la uso,1 - Nunca,2 - Casi nunca,3 - Alguna vez,4 - A menudo,5 - Muy a menudo,4 - A menudo,3 - Alguna vez,2 - Casi nunca,1 - Completamente en desacuerdo,2 - Muy en desacuerdo,2 - Muy en desacuerdo,3 - Algo en desacuerdo,4 - Algo de acuerdo,5 - Muy de acuerdo,6 - Totalmente de acuerdo,,,
2025-05-20 10:32:04,682b4a72c76d2e0023ed4d05_ffyr,2025-05-20 10:23:54,2 - Seguro,2 - Seguro,3 - Algo seguro,3 - Algo seguro,4 - Algo peligroso,3 - Algo seguro,5 - Peligroso,4 - Algo peligroso,4 - Algo peligroso,5 - Peligroso,5 - Peligroso,6 - Muy peligroso,6 - Muy peligroso,5 - Peligroso,3 - Algo seguro,5 - Peligroso,4 - Algo peligroso,3 - Algo seguro,4 - Algo peligroso,6 - Muy peligroso,Menos de 1,2 - No la uso,3 - La uso poco,5 - La uso a diario,2 - No la uso,2 - No la uso,3 - La uso poco,2 - No la uso,2 - No la uso,2 - No la uso,1 - No la conozco,2 - No la uso,1 - No la conozco,3 - La uso poco,5 - La uso a diario,2 - No la uso,3 - La uso poco,3 - La uso poco,1 - Nunca,1 - Nunca,1 - Nunca,1 - Nunca,1 - Nunca,1 - Nunca,1 - Nunca,1 - Nunca,4 - Algo de acuerdo,2 - Muy en desacuerdo,6 - Totalmente de acuerdo,5 - Muy de acuerdo,5 - Muy de acuerdo,6 - Totalmente de acuerdo,5 - Muy de acuerdo,"Esta muy chulo y te hace reflexionar sobre las cosas que nos pueden pasar si no tenemos cuidado.
","Si, a tener cuidado con la informacion que copartimos y con la gente con la que hablamos.","No lo se en general esta muy bien, aunque puede que sea un poco largo."
2025-05-20 10:31:14,682b4a72c76d2e0023ed4d05_nwmk,2025-05-20 10:18:06,1 - Muy seguro,1 - Muy seguro,1 - Muy seguro,1 - Muy seguro,1 - Muy seguro,1 - Muy seguro,1 - Muy seguro,3 - Algo seguro,4 - Algo peligroso,4 - Algo peligroso,3 - Algo seguro,4 - Algo peligroso,4 - Algo peligroso,3 - Algo seguro,4 - Algo peligroso,4 - Algo peligroso,4 - Algo peligroso,4 - Algo peligroso,3 - Algo seguro,4 - Algo peligroso,6-7,5 - La uso a diario,5 - La uso a diario,4 - La uso a menudo,5 - La uso a diario,2 - No la uso,2 - No la uso,4 - La uso a menudo,2 - No la uso,3 - La uso poco,2 - No la uso,2 - No la uso,2 - No la uso,2 - No la uso,5 - La uso a diario,5 - La uso a diario,2 - No la uso,3 - La uso poco,3 - Alguna vez,3 - Alguna vez,2 - Casi nunca,2 - Casi nunca,3 - Alguna vez,2 - Casi nunca,3 - Alguna vez,3 - Alguna vez,4 - Algo de acuerdo,1 - Completamente en desacuerdo,4 - Algo de acuerdo,6 - Totalmente de acuerdo,6 - Totalmente de acuerdo,4 - Algo de acuerdo,4 - Algo de acuerdo,interesante,no porque ya lo sabia,nada
2025-05-20 10:25:00,682b4a72c76d2e0023ed4d05_nsnn,2025-05-20 10:21:58,6 - Muy peligroso,6 - Muy peligroso,6 - Muy peligroso,6 - Muy peligroso,6 - Muy peligroso,6 - Muy peligroso,6 - Muy peligroso,6 - Muy peligroso,6 - Muy peligroso,6 - Muy peligroso,6 - Muy peligroso,6 - Muy peligroso,6 - Muy peligroso,6 - Muy peligroso,6 - Muy peligroso,6 - Muy peligroso,6 - Muy peligroso,6 - Muy peligroso,6 - Muy peligroso,6 - Muy peligroso,Menos de 1,4 - La uso a menudo,2 - No la uso,4 - La uso a menudo,4 - La uso a menudo,2 - No la uso,2 - No la uso,3 - La uso poco,3 - La uso poco,2 - No la uso,2 - No la uso,2 - No la uso,2 - No la uso,2 - No la uso,2 - No la uso,2 - No la uso,3 - La uso poco,3 - La uso poco,1 - Nunca,1 - Nunca,1 - Nunca,1 - Nunca,1 - Nunca,1 - Nunca,1 - Nunca,1 - Nunca,1 - Completamente en desacuerdo,1 - Completamente en desacuerdo,6 - Totalmente de acuerdo,6 - Totalmente de acuerdo,6 - Totalmente de acuerdo,6 - Totalmente de acuerdo,6 - Totalmente de acuerdo,Esta muy chulo y es muy educativo,si ,que pudieras no coger el movil
2025-05-20 10:24:43,682b4a72c76d2e0023ed4d05_nuan,2025-05-20 10:19:17,4 - Algo peligroso,5 - Peligroso,3 - Algo seguro,4 - Algo peligroso,5 - Peligroso,4 - Algo peligroso,5 - Peligroso,5 - Peligroso,4 - Algo peligroso,5 - Peligroso,5 - Peligroso,5 - Peligroso,6 - Muy peligroso,5 - Peligroso,5 - Peligroso,5 - Peligroso,5 - Peligroso,5 - Peligroso,6 - Muy peligroso,6 - Muy peligroso,2-3,2 - No la uso,2 - No la uso,5 - La uso a diario,5 - La uso a diario,2 - No la uso,2 - No la uso,2 - No la uso,2 - No la uso,2 - No la uso,2 - No la uso,2 - No la uso,2 - No la uso,2 - No la uso,2 - No la uso,2 - No la uso,3 - La uso poco,2 - No la uso,1 - Nunca,1 - Nunca,1 - Nunca,1 - Nunca,1 - Nunca,1 - Nunca,1 - Nunca,1 - Nunca,3 - Algo en desacuerdo,4 - Algo de acuerdo,5 - Muy de acuerdo,5 - Muy de acuerdo,5 - Muy de acuerdo,5 - Muy de acuerdo,5 - Muy de acuerdo,esta bien,de ocultar mi información personal,que tenia que coger el móvil si o si
2025-05-20 10:34:31,682b4a72c76d2e0023ed4d05_xyol,2025-05-20 10:22:21,4 - Algo peligroso,5 - Peligroso,4 - Algo peligroso,5 - Peligroso,6 - Muy peligroso,6 - Muy peligroso,6 - Muy peligroso,6 - Muy peligroso,5 - Peligroso,5 - Peligroso,6 - Muy peligroso,5 - Peligroso,6 - Muy peligroso,5 - Peligroso,5 - Peligroso,6 - Muy peligroso,5 - Peligroso,6 - Muy peligroso,6 - Muy peligroso,6 - Muy peligroso,2-3,2 - No la uso,2 - No la uso,3 - La uso poco,4 - La uso a menudo,2 - No la uso,2 - No la uso,1 - No la conozco,1 - No la conozco,2 - No la uso,2 - No la uso,1 - No la conozco,1 - No la conozco,2 - No la uso,2 - No la uso,2 - No la uso,1 - No la conozco,2 - No la uso,1 - Nunca,1 - Nunca,1 - Nunca,1 - Nunca,1 - Nunca,2 - Casi nunca,1 - Nunca,1 - Nunca,2 - Muy en desacuerdo,3 - Algo en desacuerdo,6 - Totalmente de acuerdo,6 - Totalmente de acuerdo,5 - Muy de acuerdo,6 - Totalmente de acuerdo,6 - Totalmente de acuerdo,"Es un buen juego, me gustaría que tuviese más opciones para hacer otras cosas tipo dejar en visto, o no hablar ni mandar fotos, pero está bien para ver las consecuencias de lo que podría pasar si alguien hace eso, me parece bastante educativo y está bien hecho, aunque me habría gustado que hubiese más elementos potentes en la historia y varias versiones.","No, pero porque yo sé como usar las redes correctamente por la educación que he recibido, pero opino que hay otra mucha gente que sí que podría aprender a como usar las redes, pero el jueggoestá bien.","No me ha gustado que pasase algo malo sí o sí, me gustaría que hubiese más opciones."
2025-05-20 10:25:47,682b4a72c76d2e0023ed4d05_mhvx,2025-05-20 10:22:06,5 - Peligroso,5 - Peligroso,5 - Peligroso,4 - Algo peligroso,5 - Peligroso,4 - Algo peligroso,5 - Peligroso,4 - Algo peligroso,5 - Peligroso,4 - Algo peligroso,5 - Peligroso,4 - Algo peligroso,5 - Peligroso,4 - Algo peligroso,5 - Peligroso,4 - Algo peligroso,5 - Peligroso,4 - Algo peligroso,5 - Peligroso,4 - Algo peligroso,Menos de 1,2 - No la uso,5 - La uso a diario,5 - La uso a diario,5 - La uso a diario,2 - No la uso,2 - No la uso,2 - No la uso,2 - No la uso,3 - La uso poco,4 - La uso a menudo,2 - No la uso,2 - No la uso,4 - La uso a menudo,2 - No la uso,2 - No la uso,2 - No la uso,2 - No la uso,2 - Casi nunca,1 - Nunca,1 - Nunca,1 - Nunca,2 - Casi nunca,1 - Nunca,1 - Nunca,1 - Nunca,1 - Completamente en desacuerdo,1 - Completamente en desacuerdo,5 - Muy de acuerdo,6 - Totalmente de acuerdo,5 - Muy de acuerdo,5 - Muy de acuerdo,5 - Muy de acuerdo,que es divertido y te hace reflexionar,si,
2025-05-20 10:17:08,682b4a72c76d2e0023ed4d05_jauv,2025-05-20 10:13:50,4 - Algo peligroso,4 - Algo peligroso,3 - Algo seguro,5 - Peligroso,5 - Peligroso,5 - Peligroso,5 - Peligroso,5 - Peligroso,4 - Algo peligroso,4 - Algo peligroso,4 - Algo peligroso,4 - Algo peligroso,4 - Algo peligroso,4 - Algo peligroso,4 - Algo peligroso,4 - Algo peligroso,4 - Algo peligroso,4 - Algo peligroso,4 - Algo peligroso,4 - Algo peligroso,8 o más,4 - La uso a menudo,4 - La uso a menudo,3 - La uso poco,5 - La uso a diario,1 - No la conozco,1 - No la conozco,1 - No la conozco,1 - No la conozco,4 - La uso a menudo,4 - La uso a menudo,1 - No la conozco,1 - No la conozco,4 - La uso a menudo,1 - No la conozco,1 - No la conozco,1 - No la conozco,5 - La uso a diario,2 - Casi nunca,1 - Nunca,1 - Nunca,1 - Nunca,1 - Nunca,1 - Nunca,3 - Alguna vez,1 - Nunca,5 - Muy de acuerdo,2 - Muy en desacuerdo,4 - Algo de acuerdo,5 - Muy de acuerdo,5 - Muy de acuerdo,5 - Muy de acuerdo,6 - Totalmente de acuerdo,bien,si,"que no me deja escribir con mis palabras
"
2025-05-20 10:29:33,682b4a72c76d2e0023ed4d05_fgvk,2025-05-20 10:26:27,4 - Algo peligroso,4 - Algo peligroso,4 - Algo peligroso,4 - Algo peligroso,4 - Algo peligroso,4 - Algo peligroso,4 - Algo peligroso,4 - Algo peligroso,4 - Algo peligroso,4 - Algo peligroso,4 - Algo peligroso,4 - Algo peligroso,4 - Algo peligroso,4 - Algo peligroso,4 - Algo peligroso,4 - Algo peligroso,4 - Algo peligroso,4 - Algo peligroso,4 - Algo peligroso,4 - Algo peligroso,8 o más,5 - La uso a diario,5 - La uso a diario,4 - La uso a menudo,5 - La uso a diario,2 - No la uso,2 - No la uso,2 - No la uso,3 - La uso poco,3 - La uso poco,2 - No la uso,2 - No la uso,2 - No la uso,3 - La uso poco,2 - No la uso,2 - No la uso,2 - No la uso,2 - No la uso,1 - Nunca,1 - Nunca,1 - Nunca,1 - Nunca,1 - Nunca,1 - Nunca,1 - Nunca,1 - Nunca,6 - Totalmente de acuerdo,6 - Totalmente de acuerdo,5 - Muy de acuerdo,5 - Muy de acuerdo,4 - Algo de acuerdo,5 - Muy de acuerdo,3 - Algo en desacuerdo,esta bien pero demasiado largo y aburrido,si,q sea mas corto y entretenido
2025-05-20 10:26:54,682b4a72c76d2e0023ed4d05_ohow,2025-05-20 10:21:47,4 - Algo peligroso,4 - Algo peligroso,4 - Algo peligroso,4 - Algo peligroso,4 - Algo peligroso,4 - Algo peligroso,4 - Algo peligroso,4 - Algo peligroso,4 - Algo peligroso,4 - Algo peligroso,4 - Algo peligroso,4 - Algo peligroso,4 - Algo peligroso,4 - Algo peligroso,4 - Algo peligroso,4 - Algo peligroso,4 - Algo peligroso,3 - Algo seguro,5 - Peligroso,5 - Peligroso,4-5,4 - La uso a menudo,5 - La uso a diario,3 - La uso poco,4 - La uso a menudo,2 - No la uso,2 - No la uso,2 - No la uso,2 - No la uso,2 - No la uso,3 - La uso poco,1 - No la conozco,1 - No la conozco,2 - No la uso,2 - No la uso,2 - No la uso,2 - No la uso,2 - No la uso,2 - Casi nunca,1 - Nunca,1 - Nunca,1 - Nunca,1 - Nunca,3 - Alguna vez,1 - Nunca,1 - Nunca,3 - Algo en desacuerdo,3 - Algo en desacuerdo,5 - Muy de acuerdo,6 - Totalmente de acuerdo,2 - Muy en desacuerdo,5 - Muy de acuerdo,5 - Muy de acuerdo,es muy educativo,todo lo que da a entender ya lo sabia de todas formas para alguien desinformada estaria muy bien,que pudiesemos escribir nosotras lo que queramos y negarnos de cosas si no queremos
2025-05-20 10:29:11,682b4a72c76d2e0023ed4d05_kalj,2025-05-20 10:20:44,5 - Peligroso,5 - Peligroso,5 - Peligroso,5 - Peligroso,5 - Peligroso,4 - Algo peligroso,5 - Peligroso,5 - Peligroso,5 - Peligroso,5 - Peligroso,5 - Peligroso,5 - Peligroso,5 - Peligroso,4 - Algo peligroso,5 - Peligroso,5 - Peligroso,5 - Peligroso,5 - Peligroso,5 - Peligroso,5 - Peligroso,2-3,5 - La uso a diario,5 - La uso a diario,4 - La uso a menudo,5 - La uso a diario,2 - No la uso,2 - No la uso,2 - No la uso,2 - No la uso,2 - No la uso,2 - No la uso,2 - No la uso,2 - No la uso,2 - No la uso,2 - No la uso,2 - No la uso,2 - No la uso,2 - No la uso,1 - Nunca,1 - Nunca,1 - Nunca,1 - Nunca,1 - Nunca,1 - Nunca,1 - Nunca,1 - Nunca,4 - Algo de acuerdo,3 - Algo en desacuerdo,5 - Muy de acuerdo,4 - Algo de acuerdo,4 - Algo de acuerdo,5 - Muy de acuerdo,5 - Muy de acuerdo,Es divertido pero tendria que poner mas opciones,ya lo sabia todo,que deje mas libertad de escribir
2025-05-20 10:30:36,682b4a72c76d2e0023ed4d05_azng,2025-05-20 10:26:27,5 - Peligroso,5 - Peligroso,5 - Peligroso,5 - Peligroso,5 - Peligroso,5 - Peligroso,5 - Peligroso,5 - Peligroso,5 - Peligroso,5 - Peligroso,6 - Muy peligroso,6 - Muy peligroso,6 - Muy peligroso,6 - Muy peligroso,6 - Muy peligroso,6 - Muy peligroso,6 - Muy peligroso,6 - Muy peligroso,5 - Peligroso,5 - Peligroso,2-3,5 - La uso a diario,5 - La uso a diario,4 - La uso a menudo,5 - La uso a diario,2 - No la uso,2 - No la uso,2 - No la uso,2 - No la uso,2 - No la uso,2 - No la uso,2 - No la uso,2 - No la uso,3 - La uso poco,2 - No la uso,2 - No la uso,2 - No la uso,3 - La uso poco,1 - Nunca,1 - Nunca,1 - Nunca,1 - Nunca,1 - Nunca,3 - Alguna vez,1 - Nunca,1 - Nunca,1 - Completamente en desacuerdo,1 - Completamente en desacuerdo,1 - Completamente en desacuerdo,1 - Completamente en desacuerdo,1 - Completamente en desacuerdo,1 - Completamente en desacuerdo,1 - Completamente en desacuerdo,divertido y te enseña,a que no se habla con desconocidos,que habla solo pormi
2025-05-20 10:28:13,682b4a72c76d2e0023ed4d05_kagt,2025-05-20 10:20:58,4 - Algo peligroso,4 - Algo peligroso,4 - Algo peligroso,4 - Algo peligroso,4 - Algo peligroso,4 - Algo peligroso,4 - Algo peligroso,4 - Algo peligroso,4 - Algo peligroso,4 - Algo peligroso,4 - Algo peligroso,4 - Algo peligroso,4 - Algo peligroso,4 - Algo peligroso,4 - Algo peligroso,4 - Algo peligroso,4 - Algo peligroso,4 - Algo peligroso,4 - Algo peligroso,4 - Algo peligroso,2-3,2 - No la uso,4 - La uso a menudo,4 - La uso a menudo,5 - La uso a diario,2 - No la uso,2 - No la uso,2 - No la uso,2 - No la uso,3 - La uso poco,2 - No la uso,2 - No la uso,1 - No la conozco,1 - No la conozco,1 - No la conozco,1 - No la conozco,1 - No la conozco,1 - No la conozco,2 - Casi nunca,1 - Nunca,1 - Nunca,1 - Nunca,2 - Casi nunca,1 - Nunca,3 - Alguna vez,1 - Nunca,5 - Muy de acuerdo,3 - Algo en desacuerdo,5 - Muy de acuerdo,6 - Totalmente de acuerdo,4 - Algo de acuerdo,5 - Muy de acuerdo,5 - Muy de acuerdo, que esta bien y es educatico,si,"si yo eligo el genero de hombre al principio, que ese pablo, sea una chica y no un hombre"
2025-05-20 10:32:16,682b4a72c76d2e0023ed4d05_ktoh,2025-05-20 10:21:46,4 - Algo peligroso,4 - Algo peligroso,4 - Algo peligroso,5 - Peligroso,4 - Algo peligroso,5 - Peligroso,5 - Peligroso,5 - Peligroso,4 - Algo peligroso,4 - Algo peligroso,4 - Algo peligroso,4 - Algo peligroso,5 - Peligroso,5 - Peligroso,5 - Peligroso,5 - Peligroso,5 - Peligroso,5 - Peligroso,5 - Peligroso,5 - Peligroso,4-5,5 - La uso a diario,5 - La uso a diario,4 - La uso a menudo,5 - La uso a diario,2 - No la uso,3 - La uso poco,3 - La uso poco,2 - No la uso,2 - No la uso,2 - No la uso,2 - No la uso,2 - No la uso,2 - No la uso,4 - La uso a menudo,3 - La uso poco,3 - La uso poco,2 - No la uso,1 - Nunca,1 - Nunca,1 - Nunca,1 - Nunca,1 - Nunca,1 - Nunca,1 - Nunca,1 - Nunca,4 - Algo de acuerdo,4 - Algo de acuerdo,5 - Muy de acuerdo,6 - Totalmente de acuerdo,5 - Muy de acuerdo,5 - Muy de acuerdo,6 - Totalmente de acuerdo,El juego es muy educativo y te hace reflexionar,Que no puedes confiar en ciertas personas de internet,Que no haya aparecido Pablo al final con la policia
2025-05-20 10:32:02,682b4a72c76d2e0023ed4d05_cvlf,2025-05-20 10:27:05,4 - Algo peligroso,3 - Algo seguro,3 - Algo seguro,4 - Algo peligroso,5 - Peligroso,5 - Peligroso,6 - Muy peligroso,5 - Peligroso,4 - Algo peligroso,2 - Seguro,4 - Algo peligroso,4 - Algo peligroso,4 - Algo peligroso,5 - Peligroso,4 - Algo peligroso,4 - Algo peligroso,4 - Algo peligroso,3 - Algo seguro,4 - Algo peligroso,4 - Algo peligroso,2-3,5 - La uso a diario,5 - La uso a diario,4 - La uso a menudo,5 - La uso a diario,2 - No la uso,2 - No la uso,3 - La uso poco,4 - La uso a menudo,2 - No la uso,2 - No la uso,1 - No la conozco,1 - No la conozco,2 - No la uso,5 - La uso a diario,2 - No la uso,2 - No la uso,2 - No la uso,3 - Alguna vez,2 - Casi nunca,3 - Alguna vez,1 - Nunca,1 - Nunca,2 - Casi nunca,1 - Nunca,1 - Nunca,4 - Algo de acuerdo,1 - Completamente en desacuerdo,6 - Totalmente de acuerdo,6 - Totalmente de acuerdo,6 - Totalmente de acuerdo,6 - Totalmente de acuerdo,5 - Muy de acuerdo,mola mucho,si,nada
2025-05-20 10:30:34,682b4a72c76d2e0023ed4d05_epyv,2025-05-20 10:24:16,5 - Peligroso,6 - Muy peligroso,6 - Muy peligroso,6 - Muy peligroso,6 - Muy peligroso,6 - Muy peligroso,6 - Muy peligroso,6 - Muy peligroso,5 - Peligroso,6 - Muy peligroso,6 - Muy peligroso,6 - Muy peligroso,6 - Muy peligroso,6 - Muy peligroso,6 - Muy peligroso,6 - Muy peligroso,6 - Muy peligroso,6 - Muy peligroso,6 - Muy peligroso,6 - Muy peligroso,Menos de 1,5 - La uso a diario,4 - La uso a menudo,3 - La uso poco,5 - La uso a diario,2 - No la uso,2 - No la uso,1 - No la conozco,1 - No la conozco,2 - No la uso,2 - No la uso,1 - No la conozco,1 - No la conozco,3 - La uso poco,2 - No la uso,1 - No la conozco,1 - No la conozco,5 - La uso a diario,1 - Nunca,1 - Nunca,1 - Nunca,1 - Nunca,1 - Nunca,1 - Nunca,1 - Nunca,1 - Nunca,3 - Algo en desacuerdo,1 - Completamente en desacuerdo,6 - Totalmente de acuerdo,6 - Totalmente de acuerdo,4 - Algo de acuerdo,5 - Muy de acuerdo,4 - Algo de acuerdo,que esta bien pero me gustaria q hubiese más opciones,si,que hace cosas que yo no haria
2025-05-20 10:34:13,682b4a72c76d2e0023ed4d05_bnrb,2025-05-20 10:26:06,6 - Muy peligroso,6 - Muy peligroso,6 - Muy peligroso,6 - Muy peligroso,6 - Muy peligroso,6 - Muy peligroso,6 - Muy peligroso,6 - Muy peligroso,6 - Muy peligroso,6 - Muy peligroso,6 - Muy peligroso,6 - Muy peligroso,6 - Muy peligroso,6 - Muy peligroso,6 - Muy peligroso,6 - Muy peligroso,6 - Muy peligroso,6 - Muy peligroso,6 - Muy peligroso,6 - Muy peligroso,Menos de 1,2 - No la uso,2 - No la uso,2 - No la uso,5 - La uso a diario,2 - No la uso,2 - No la uso,1 - No la conozco,2 - No la uso,2 - No la uso,4 - La uso a menudo,1 - No la conozco,1 - No la conozco,2 - No la uso,1 - No la conozco,1 - No la conozco,1 - No la conozco,4 - La uso a menudo,1 - Nunca,1 - Nunca,1 - Nunca,1 - Nunca,1 - Nunca,1 - Nunca,1 - Nunca,1 - Nunca,6 - Totalmente de acuerdo,5 - Muy de acuerdo,5 - Muy de acuerdo,4 - Algo de acuerdo,5 - Muy de acuerdo,5 - Muy de acuerdo,5 - Muy de acuerdo,esta bien,"si, que no hay que hablar con desconocidos",que no te deja escribir lo que quieres
2025-05-20 10:30:25,682b4a72c76d2e0023ed4d05_nteb,2025-05-20 10:22:57,4 - Algo peligroso,5 - Peligroso,4 - Algo peligroso,4 - Algo peligroso,5 - Peligroso,4 - Algo peligroso,5 - Peligroso,4 - Algo peligroso,4 - Algo peligroso,4 - Algo peligroso,5 - Peligroso,4 - Algo peligroso,5 - Peligroso,5 - Peligroso,5 - Peligroso,4 - Algo peligroso,4 - Algo peligroso,4 - Algo peligroso,6 - Muy peligroso,6 - Muy peligroso,2-3,4 - La uso a menudo,2 - No la uso,3 - La uso poco,5 - La uso a diario,2 - No la uso,2 - No la uso,1 - No la conozco,1 - No la conozco,2 - No la uso,2 - No la uso,1 - No la conozco,1 - No la conozco,2 - No la uso,2 - No la uso,1 - No la conozco,1 - No la conozco,3 - La uso poco,1 - Nunca,1 - Nunca,1 - Nunca,1 - Nunca,1 - Nunca,1 - Nunca,1 - Nunca,1 - Nunca,3 - Algo en desacuerdo,4 - Algo de acuerdo,5 - Muy de acuerdo,5 - Muy de acuerdo,4 - Algo de acuerdo,5 - Muy de acuerdo,4 - Algo de acuerdo,No sé,No sé,Que no te deja tomar las decisiones que tu quieres
2025-05-20 10:29:05,682b4a72c76d2e0023ed4d05_ltqj,2025-05-20 10:24:29,5 - Peligroso,5 - Peligroso,5 - Peligroso,5 - Peligroso,5 - Peligroso,5 - Peligroso,5 - Peligroso,5 - Peligroso,5 - Peligroso,5 - Peligroso,5 - Peligroso,5 - Peligroso,5 - Peligroso,5 - Peligroso,5 - Peligroso,5 - Peligroso,1 - Muy seguro,2 - Seguro,6 - Muy peligroso,6 - Muy peligroso,2-3,5 - La uso a diario,5 - La uso a diario,3 - La uso poco,5 - La uso a diario,1 - No la conozco,1 - No la conozco,1 - No la conozco,1 - No la conozco,1 - No la conozco,2 - No la uso,1 - No la conozco,1 - No la conozco,3 - La uso poco,1 - No la conozco,1 - No la conozco,1 - No la conozco,4 - La uso a menudo,1 - Nunca,1 - Nunca,1 - Nunca,1 - Nunca,1 - Nunca,1 - Nunca,1 - Nunca,1 - Nunca,4 - Algo de acuerdo,6 - Totalmente de acuerdo,4 - Algo de acuerdo,4 - Algo de acuerdo,2 - Muy en desacuerdo,5 - Muy de acuerdo,4 - Algo de acuerdo,nose ,nose,que en algunas ocasiones el juego me obliga a tomar decisiones que no quiero 
2025-05-20 10:34:05,682b4a72c76d2e0023ed4d05_hyah,2025-05-20 10:27:50,4 - Algo peligroso,5 - Peligroso,4 - Algo peligroso,5 - Peligroso,6 - Muy peligroso,6 - Muy peligroso,6 - Muy peligroso,6 - Muy peligroso,4 - Algo peligroso,3 - Algo seguro,5 - Peligroso,5 - Peligroso,6 - Muy peligroso,3 - Algo seguro,4 - Algo peligroso,5 - Peligroso,4 - Algo peligroso,4 - Algo peligroso,6 - Muy peligroso,6 - Muy peligroso,2-3,5 - La uso a diario,5 - La uso a diario,2 - No la uso,4 - La uso a menudo,2 - No la uso,2 - No la uso,2 - No la uso,2 - No la uso,2 - No la uso,2 - No la uso,2 - No la uso,2 - No la uso,2 - No la uso,2 - No la uso,2 - No la uso,2 - No la uso,4 - La uso a menudo,3 - Alguna vez,1 - Nunca,1 - Nunca,2 - Casi nunca,1 - Nunca,3 - Alguna vez,1 - Nunca,1 - Nunca,5 - Muy de acuerdo,6 - Totalmente de acuerdo,3 - Algo en desacuerdo,6 - Totalmente de acuerdo,4 - Algo de acuerdo,5 - Muy de acuerdo,4 - Algo de acuerdo,que enseña,si,que no me deja poner lo que yo haria
2025-05-20 10:20:53,682b4a72c76d2e0023ed4d05_ifut,2025-05-20 10:14:47,1 - Muy seguro,2 - Seguro,1 - Muy seguro,2 - Seguro,2 - Seguro,2 - Seguro,1 - Muy seguro,1 - Muy seguro,1 - Muy seguro,1 - Muy seguro,2 - Seguro,1 - Muy seguro,2 - Seguro,2 - Seguro,1 - Muy seguro,3 - Algo seguro,2 - Seguro,1 - Muy seguro,2 - Seguro,3 - Algo seguro,Menos de 1,4 - La uso a menudo,5 - La uso a diario,3 - La uso poco,5 - La uso a diario,2 - No la uso,2 - No la uso,2 - No la uso,2 - No la uso,2 - No la uso,4 - La uso a menudo,2 - No la uso,2 - No la uso,2 - No la uso,4 - La uso a menudo,2 - No la uso,2 - No la uso,4 - La uso a menudo,1 - Nunca,1 - Nunca,3 - Alguna vez,4 - A menudo,2 - Casi nunca,1 - Nunca,2 - Casi nunca,2 - Casi nunca,4 - Algo de acuerdo,1 - Completamente en desacuerdo,6 - Totalmente de acuerdo,6 - Totalmente de acuerdo,6 - Totalmente de acuerdo,6 - Totalmente de acuerdo,6 - Totalmente de acuerdo,esta chulo y divertido,pues que no hay que enviar fotos de ti,lo de que te guste un chico no
2025-05-20 10:35:05,682b4a72c76d2e0023ed4d05_hsuo,2025-05-20 10:30:57,4 - Algo peligroso,4 - Algo peligroso,5 - Peligroso,5 - Peligroso,4 - Algo peligroso,5 - Peligroso,4 - Algo peligroso,6 - Muy peligroso,5 - Peligroso,5 - Peligroso,4 - Algo peligroso,5 - Peligroso,3 - Algo seguro,2 - Seguro,2 - Seguro,5 - Peligroso,4 - Algo peligroso,5 - Peligroso,3 - Algo seguro,6 - Muy peligroso,2-3,5 - La uso a diario,5 - La uso a diario,4 - La uso a menudo,5 - La uso a diario,2 - No la uso,3 - La uso poco,2 - No la uso,2 - No la uso,2 - No la uso,2 - No la uso,4 - La uso a menudo,1 - No la conozco,2 - No la uso,2 - No la uso,1 - No la conozco,2 - No la uso,2 - No la uso,1 - Nunca,3 - Alguna vez,2 - Casi nunca,2 - Casi nunca,2 - Casi nunca,2 - Casi nunca,2 - Casi nunca,2 - Casi nunca,6 - Totalmente de acuerdo,6 - Totalmente de acuerdo,6 - Totalmente de acuerdo,6 - Totalmente de acuerdo,6 - Totalmente de acuerdo,6 - Totalmente de acuerdo,6 - Totalmente de acuerdo,mu nien,si,nada
2025-05-20 10:28:38,682b4a72c76d2e0023ed4d05_uzme,2025-05-20 10:24:13,5 - Peligroso,5 - Peligroso,5 - Peligroso,5 - Peligroso,5 - Peligroso,5 - Peligroso,5 - Peligroso,5 - Peligroso,5 - Peligroso,5 - Peligroso,5 - Peligroso,5 - Peligroso,5 - Peligroso,5 - Peligroso,5 - Peligroso,5 - Peligroso,5 - Peligroso,5 - Peligroso,5 - Peligroso,5 - Peligroso,4-5,2 - No la uso,5 - La uso a diario,3 - La uso poco,4 - La uso a menudo,2 - No la uso,2 - No la uso,2 - No la uso,2 - No la uso,3 - La uso poco,3 - La uso poco,2 - No la uso,1 - No la conozco,4 - La uso a menudo,1 - No la conozco,1 - No la conozco,1 - No la conozco,2 - No la uso,1 - Nunca,1 - Nunca,1 - Nunca,1 - Nunca,1 - Nunca,3 - Alguna vez,1 - Nunca,1 - Nunca,3 - Algo en desacuerdo,2 - Muy en desacuerdo,6 - Totalmente de acuerdo,6 - Totalmente de acuerdo,6 - Totalmente de acuerdo,6 - Totalmente de acuerdo,5 - Muy de acuerdo,esta chulo,si,me a gustado todo el juego
2025-05-19 18:19:17,682b4a72c76d2e0023ed4d05_agog,2025-05-19 18:17:50,1 - Muy seguro,2 - Seguro,2 - Seguro,3 - Algo seguro,3 - Algo seguro,3 - Algo seguro,4 - Algo peligroso,4 - Algo peligroso,5 - Peligroso,6 - Muy peligroso,6 - Muy peligroso,6 - Muy peligroso,6 - Muy peligroso,5 - Peligroso,4 - Algo peligroso,4 - Algo peligroso,3 - Algo seguro,2 - Seguro,2 - Seguro,1 - Muy seguro,4-5,1 - No la conozco,2 - No la uso,2 - No la uso,3 - La uso poco,3 - La uso poco,4 - La uso a menudo,4 - La uso a menudo,4 - La uso a menudo,5 - La uso a diario,5 - La uso a diario,5 - La uso a diario,4 - La uso a menudo,3 - La uso poco,3 - La uso poco,2 - No la uso,2 - No la uso,2 - No la uso,2 - Casi nunca,2 - Casi nunca,3 - Alguna vez,4 - A menudo,4 - A menudo,4 - A menudo,3 - Alguna vez,3 - Alguna vez,2 - Muy en desacuerdo,3 - Algo en desacuerdo,3 - Algo en desacuerdo,4 - Algo de acuerdo,5 - Muy de acuerdo,4 - Algo de acuerdo,3 - Algo en desacuerdo,gg,Sí,Acaben con Lucía
2025-05-19 18:16:03,682b4a72c76d2e0023ed4d05_igbm,2025-05-19 18:15:23,6 - Muy peligroso,5 - Peligroso,4 - Algo peligroso,3 - Algo seguro,2 - Seguro,1 - Muy seguro,6 - Muy peligroso,5 - Peligroso,4 - Algo peligroso,3 - Algo seguro,2 - Seguro,1 - Muy seguro,6 - Muy peligroso,5 - Peligroso,4 - Algo peligroso,3 - Algo seguro,2 - Seguro,1 - Muy seguro,6 - Muy peligroso,5 - Peligroso,6-7,1 - No la conozco,2 - No la uso,3 - La uso poco,4 - La uso a menudo,5 - La uso a diario,1 - No la conozco,2 - No la uso,3 - La uso poco,4 - La uso a menudo,5 - La uso a diario,1 - No la conozco,2 - No la uso,3 - La uso poco,4 - La uso a menudo,5 - La uso a diario,1 - No la conozco,2 - No la uso,5 - Muy a menudo,4 - A menudo,3 - Alguna vez,2 - Casi nunca,1 - Nunca,5 - Muy a menudo,4 - A menudo,3 - Alguna vez,1 - Completamente en desacuerdo,2 - Muy en desacuerdo,3 - Algo en desacuerdo,4 - Algo de acuerdo,5 - Muy de acuerdo,6 - Totalmente de acuerdo,1 - Completamente en desacuerdo,,,
